user,community
suakamalaikat,19
ohmy_beautybank,19
TipeDarah,20
tiramisuslice_,20
UTINGUKIPWINING,21
pratiwi_ii26534,21
insanemnth,22
madeleivraie,22
himitsu_desu,23
trafalgray,23
sektemenyamping,24
chitchatfess,24
lilylolzx,25
Sprinkleeaicee,25
jooqoowee,26
FARHAN2Humanity,26
estelliumce,27
sbmptnfess,27
itsmeeoowww,28
Meinangcibu,28
twelvevin,29
qutiews,29
palewitt,30
bvtrass,30
zxbingvh,31
TaterTots1014,31
L4t3N1t3L4tt3,32
Indouncensored,32
arettanaina,7
vyowiz_,7
physicalyz,8
Ceysa_ku,8
innovaraibon,0
KapudS640,0
kriminologee,9
kejaaanaaa,9
disneysprncs,9
regasregra,33
aku_fiv,33
Dobel_Step,34
RudiSitanggang9,34
K4893Al,16
idextratime,16
oitarie,10
tanyarlfes,10
Leankalynson,35
writtenbyalee,35
eclairedelange,36
denaaskh,36
Ferdyy236,37
Vincoraff,37
aestheticusrnm,38
yawzzy_,38
Lightindar,39
thettabbycat,39
PaklekNgalam,40
Leoni_laa,40
thinkerlova,41
_Monsoonrain,41
kastorisius,42
Alter_GenZ,42
GL_ThaiLove,43
starfess,43
Pabak0y,44
sleepygoldnstrm,44
_arnve,45
ziyech1610,45
taqibalqibul,46
vijestar__,46
cryptogem1000,47
Latifayaaa,47
kuya_darat,48
rettashmg,48
RizkQkQ1,11
haluandotco,11
leny_drr,49
rizz_ry,49
dhflvldk,50
kepobgtlu00,50
urya_suryana,0
s4h4b4tl4m4,51
AsepKurnia2810,51
Gooners848394,11
Cowhead606,52
varian65636,52
blekriver,53
PecintaSejarah2,53
d13d666,54
RaitooYagaami,54
thekiddxssfive,55
kataomoy,55
Saham_fess,56
valenttt____,56
afrkml,12
sakurikuu,12
biduanssa,57
AyanggaHK,57
putsalss,58
kancil_rusa,58
Sniffing_Lead,59
sultanfrozen,59
nyxisthenight,60
bibimguksue,60
decalcomaniact,61
just3xist,61
Bersajak_id,5
Malesinah_,5
TrSutrisna,5
omoletooo,62
wijayaaksmaa,63
FaseDewasa_,63
pinkyvioleta14,64
ahmadfaisyal_,64
enunndss,65
lrstdw_,65
arkadraws,66
bennysiauw89,66
bakulsemongko1,2
sbyfess,2
RatuGercep,10
anakayahg,2
cloriavey,62
wh0sknow,67
adanginyah,67
gelempeiye,68
sisigelapk5086,68
Thex460202,69
Bambangmulyonoo,69
eveningsunkiss,70
illbertinsane,70
backburnerey,71
eombriella,71
wtfahmi1105,72
Allurealm,72
Ay_ri_ni,73
xpeacessea,73
frrnbtst246,74
frosbide,74
TEDJ0E_,13
kenhans03,13
mahardikapi,75
worksfess,75
bLxCoffee,13
jeefri95,76
Toniqufp,76
premorterm,77
papedahottie,77
fhmeekubrick,78
equilibriumdots,78
Hortensia_v00,79
somexrecom,79
PranaZoe,80
yunesafess,80
ibaladi,81
indischetroopen,81
ttorroo,82
_afterpartyguy,82
vcdkz,83
Houreyam_Teuing,83
penikmat_koopie,14
Anak__Ogi,14
_mabskuy,3
toly1234567890,3
mario_an19,84
chiwbhai,84
bujangteyvat,3
Frankenwenie,85
sevengolae,85
GMCsuburbanv8,86
ardisatriawan,86
piqhipiqs,1
ero_sennin59309,1
tir_mcdohll,14
arman_dhani,3
bebelacsekilo,87
garismerah_id,87
FairuzitaP65456,8
SiapaNa73871770,1
blueescnry,1
captcyin,15
19BROMAN,15
NoturfavBoys9,15
zksrzkshmr,88
istopjeeting,88
bapaknyakeen,89
_katakita08,89
SoundOfYogi,90
aera_ry,90
AlanseSaputra,91
ByakuyaSho,91
akushoegazee,1
mtwp25,92
MeteorPanas,92
_marisambat,93
raniacalista_,93
fajjiw,94
permenenakkk,94
Babypiping,95
cutieynor,95
zoelfick,96
soursallyye,96
Akiraa_bloom8,97
meeningroutin,97
nanassenak11,98
urvdoy23,98
ratihpram_artha,99
fess10nopember,99
rendyrahadii,16
belighthyun,100
Dahriwelah,100
flowwy85180725,101
LelurAgus19160,101
eri_reverie,4
tanyakanrl,4
suckzeter,5
wyomoth,102
plengens,102
Ditaddicted,103
Dyanasthasia,103
cuyinism,104
saneemiaw,104
krasny_tomas,105
nestrasilova,105
panTelocvikar,106
AemiliusPaullus,106
ProdArchitech,107
citrapranajaya,107
lukasyakobus,17
Mangga1111,17
rawongranat,17
r00teen,7
belahanjiwah,2
wonfeelmyhear,108
mirrorballhues,108
Xoell5,109
yomemibuzz,109
HumorJonTampan,110
rang_simabua,110
emptyofsidehey,111
Jostwn99,111
RaNn_Clash,18
DravenweX,18
topitlala,0
hupgupta,18
grxmann,112
baguslifandry,112
SuezLoverz,113
kdrama_menfess,113
Ideationsm,114
unknowpersonie,114
tobio_hun,115
koushiespede,115
liaasister,116
twitnyapimma,116
soularebels,117
fluoxetan,117
RamaUsman7,118
Lawnngroup,118
hut4sob4k,0
lynqisx,12
KaripapJamur,6
Kemangilly,6
UnderSunRice,119
oosirxx,119
salwiyyi,120
iteramfs,120
kakakamri,121
BaseAnakFK,121
bubblegunnskies,122
llynaissance,122
kejutam,123
sedowbened,123
choco__pie00,4
jichanxm,124
yeolshvn,124
ZFibid,125
AnakLolina2,125
Limhoodx,6
siraruuu,126
fagggotcytosis,126
cintamwu,4
aalim_ashari,127
BangPino__,127
Survive6969,128
ngemtot,128
sherinuull,129
MyBeeYoongi,129
aka678,130
fatwahatiku,130
godspeeedss,131
moviemnfs,131
farhanzlkr,132
theyycallmebass,132
bananaww16,133
luvnekh,133
cintayve,134
Prodigy465604,134
noirzaa,6
calonnMagisterr,135
18fesss,135
